ID,sexo,idade,altura,peso,irmãos,moradores,local,transporte,sono,estudo,pandemia-peso,lazer,ativ_física,seriado 1,seriado 2,Ap_Necess,Ap_Supérfluo,Tempo_apSupérfluo
1,masculino,21,181,70,1,4,outro estado,caminhando,6,1,3,ouvir música;ler;jogar vídeogames,nenhuma,Não sei.,Não sei.,"Audio: Spotify, deezer, youtube music, podcast, etc",,
2,masculino,17,167,56,0,3,SP capital,"coletivo (ônibus, metro trem)",7,4,4,jogar vídeogames;assistir filmes e/ou seriados;realizar atividade física,musculação,No game no life,Love is war,"Mensagens: WhatsApp, Messenger, Skype, etc;Transporte privado: Uber, 99 taxi, bike itau, etc;Navegador/busca: google, chrome, safari, etc;Navegador/mapa-GPS: maps, waze, etc","Rede Social/Compartilhamento de informações: Facebook, Instagram, Twitter, Snapchat, Linkden Reddit, WhatsApp, etc;Vídeo: netflix, YouTube, Viki, MX player, etc;Jogos: pokemonGo, solitaire, cartola, kakuro, soul night, etc",3
3,feminino,19,158,50,1,3,outro estado,"coletivo (ônibus, metro trem)",8,4,2,ouvir música;ler;jogar vídeogames;assistir filmes e/ou seriados;realizar atividade física,yoga,Vincenzo,RuPaul’s Drag Race,"Mensagens: WhatsApp, Messenger, Skype, etc;E-mails;Vídeo: netflix, YouTube, Viki, MX player, etc;Transporte privado: Uber, 99 taxi, bike itau, etc;Navegador/busca: google, chrome, safari, etc;Utilidades: Agenda, google keep, relógio, tradutos, e-card USP, etc;Alimentação: iFood, Rappi, etc","Rede Social/Compartilhamento de informações: Facebook, Instagram, Twitter, Snapchat, Linkden Reddit, WhatsApp, etc;Audio: Spotify, deezer, youtube music, podcast, etc;Jogos: pokemonGo, solitaire, cartola, kakuro, soul night, etc",6
4,masculino,21,170,65,1,3,outro estado,"coletivo (ônibus, metro trem)",8,4,3,ouvir música;assistir filmes e/ou seriados;realizar atividade física,caminhada;alongamento,Chernobyl,Mr. Robot,"Mensagens: WhatsApp, Messenger, Skype, etc;Rede Social/Compartilhamento de informações: Facebook, Instagram, Twitter, Snapchat, Linkden Reddit, WhatsApp, etc;E-mails;Internet banking/finanças:  Paypal, next, way, agibank, nubank, etc;Audio: Spotify, deezer, youtube music, podcast, etc;Vídeo: netflix, YouTube, Viki, MX player, etc;Transporte privado: Uber, 99 taxi, bike itau, etc;Navegador/busca: google, chrome, safari, etc;Navegador/mapa-GPS: maps, waze, etc;Utilidades: Agenda, google keep, relógio, tradutos, e-card USP, etc;Alimentação: iFood, Rappi, etc","Rede Social/Compartilhamento de informações: Facebook, Instagram, Twitter, Snapchat, Linkden Reddit, WhatsApp, etc",7
5,masculino,19,172,52,1,3,SP interior/litoral,"bicicleta, patinete, skate, outros do gênero",10,16,3,ouvir música;jogar vídeogames;assistir filmes e/ou seriados;realizar atividade física,musculação,Breaking Bad,Dexter,"Mensagens: WhatsApp, Messenger, Skype, etc;E-mails;Internet banking/finanças:  Paypal, next, way, agibank, nubank, etc;Transporte privado: Uber, 99 taxi, bike itau, etc;Navegador/busca: google, chrome, safari, etc;Navegador/mapa-GPS: maps, waze, etc","Rede Social/Compartilhamento de informações: Facebook, Instagram, Twitter, Snapchat, Linkden Reddit, WhatsApp, etc;Audio: Spotify, deezer, youtube music, podcast, etc;Vídeo: netflix, YouTube, Viki, MX player, etc;Alimentação: iFood, Rappi, etc",4
6,masculino,19,185,75,1,2,SP capital,"coletivo (ônibus, metro trem)",10,20,3,ler;jogar vídeogames;assistir filmes e/ou seriados,nenhuma,One Piece,Breaking bad,"Mensagens: WhatsApp, Messenger, Skype, etc;E-mails;Navegador/busca: google, chrome, safari, etc;Navegador/mapa-GPS: maps, waze, etc;Utilidades: Agenda, google keep, relógio, tradutos, e-card USP, etc","Rede Social/Compartilhamento de informações: Facebook, Instagram, Twitter, Snapchat, Linkden Reddit, WhatsApp, etc;Arrmazenamento: Google Drive, one Drive, etc;Internet banking/finanças:  Paypal, next, way, agibank, nubank, etc;Audio: Spotify, deezer, youtube music, podcast, etc;Vídeo: netflix, YouTube, Viki, MX player, etc;Transporte privado: Uber, 99 taxi, bike itau, etc;Transporte público: Moovit, cadê meu ônibus, etc;Jogos: pokemonGo, solitaire, cartola, kakuro, soul night, etc;Educativos: moodle (e-disciplinas), quora, duolingo, etc;Alimentação: iFood, Rappi, etc",12
7,masculino,19,165,51,1,1,SP capital,"coletivo (ônibus, metro trem)",7,18,2,ouvir música;ler;jogar vídeogames;assistir filmes e/ou seriados,nenhuma,Lucifer,Modern Family,"Mensagens: WhatsApp, Messenger, Skype, etc;Rede Social/Compartilhamento de informações: Facebook, Instagram, Twitter, Snapchat, Linkden Reddit, WhatsApp, etc;E-mails;Internet banking/finanças:  Paypal, next, way, agibank, nubank, etc;Audio: Spotify, deezer, youtube music, podcast, etc;Vídeo: netflix, YouTube, Viki, MX player, etc;Transporte privado: Uber, 99 taxi, bike itau, etc;Navegador/busca: google, chrome, safari, etc;Navegador/mapa-GPS: maps, waze, etc","Rede Social/Compartilhamento de informações: Facebook, Instagram, Twitter, Snapchat, Linkden Reddit, WhatsApp, etc;Audio: Spotify, deezer, youtube music, podcast, etc;Vídeo: netflix, YouTube, Viki, MX player, etc",10
8,masculino,19,176,62,2,4,SP capital,"coletivo (ônibus, metro trem)",8,15,3,ouvir música;ler;assistir filmes e/ou seriados;realizar atividade física,ciclismo,Black Mirror,The 100,"Mensagens: WhatsApp, Messenger, Skype, etc;E-mails;Arrmazenamento: Google Drive, one Drive, etc;Internet banking/finanças:  Paypal, next, way, agibank, nubank, etc;Audio: Spotify, deezer, youtube music, podcast, etc;Vídeo: netflix, YouTube, Viki, MX player, etc;Transporte privado: Uber, 99 taxi, bike itau, etc;Transporte público: Moovit, cadê meu ônibus, etc;Navegador/busca: google, chrome, safari, etc;Navegador/mapa-GPS: maps, waze, etc;Educativos: moodle (e-disciplinas), quora, duolingo, etc;Utilidades: Agenda, google keep, relógio, tradutos, e-card USP, etc;Alimentação: iFood, Rappi, etc","Rede Social/Compartilhamento de informações: Facebook, Instagram, Twitter, Snapchat, Linkden Reddit, WhatsApp, etc;Jogos: pokemonGo, solitaire, cartola, kakuro, soul night, etc",10
9,masculino,18,182,80,1,5 ou mais,SP região metropolitana,"coletivo (ônibus, metro trem)",8,8,2,ouvir música;tocar instrumento musical;ler;jogar vídeogames;assistir filmes e/ou seriados;realizar atividade física,caminhada,Yakusoku no Neverland,7Seeds,"Mensagens: WhatsApp, Messenger, Skype, etc;E-mails;Arrmazenamento: Google Drive, one Drive, etc;Audio: Spotify, deezer, youtube music, podcast, etc;Vídeo: netflix, YouTube, Viki, MX player, etc;Navegador/busca: google, chrome, safari, etc;Utilidades: Agenda, google keep, relógio, tradutos, e-card USP, etc","Rede Social/Compartilhamento de informações: Facebook, Instagram, Twitter, Snapchat, Linkden Reddit, WhatsApp, etc;Vídeo: netflix, YouTube, Viki, MX player, etc;Navegador/mapa-GPS: maps, waze, etc;Jogos: pokemonGo, solitaire, cartola, kakuro, soul night, etc",15
10,masculino,17,173,58,1,1,SP região metropolitana,"coletivo (ônibus, metro trem)",6,20,3,ouvir música;ler;jogar vídeogames;assistir filmes e/ou seriados,nenhuma,Dr House,Supernatural,"Mensagens: WhatsApp, Messenger, Skype, etc;Rede Social/Compartilhamento de informações: Facebook, Instagram, Twitter, Snapchat, Linkden Reddit, WhatsApp, etc;Internet banking/finanças:  Paypal, next, way, agibank, nubank, etc;Transporte privado: Uber, 99 taxi, bike itau, etc;Navegador/busca: google, chrome, safari, etc;Navegador/mapa-GPS: maps, waze, etc;Utilidades: Agenda, google keep, relógio, tradutos, e-card USP, etc","E-mails;Arrmazenamento: Google Drive, one Drive, etc;Audio: Spotify, deezer, youtube music, podcast, etc;Vídeo: netflix, YouTube, Viki, MX player, etc;Transporte público: Moovit, cadê meu ônibus, etc;Jogos: pokemonGo, solitaire, cartola, kakuro, soul night, etc;Educativos: moodle (e-disciplinas), quora, duolingo, etc;Alimentação: iFood, Rappi, etc",25
11,masculino,18,167,59,3,2,SP capital,"coletivo (ônibus, metro trem)",6,10,3,ouvir música;jogar vídeogames;assistir filmes e/ou seriados;realizar atividade física,caminhada,Merlí,Young Royals,"Mensagens: WhatsApp, Messenger, Skype, etc;Internet banking/finanças:  Paypal, next, way, agibank, nubank, etc;Audio: Spotify, deezer, youtube music, podcast, etc;Transporte privado: Uber, 99 taxi, bike itau, etc;Navegador/busca: google, chrome, safari, etc;Navegador/mapa-GPS: maps, waze, etc","Rede Social/Compartilhamento de informações: Facebook, Instagram, Twitter, Snapchat, Linkden Reddit, WhatsApp, etc;E-mails;Arrmazenamento: Google Drive, one Drive, etc;Vídeo: netflix, YouTube, Viki, MX player, etc;Transporte público: Moovit, cadê meu ônibus, etc;Jogos: pokemonGo, solitaire, cartola, kakuro, soul night, etc;Educativos: moodle (e-disciplinas), quora, duolingo, etc;Utilidades: Agenda, google keep, relógio, tradutos, e-card USP, etc;Alimentação: iFood, Rappi, etc",50
12,masculino,20,170,70,0,2,outro estado,caminhando,9,5,4,ouvir música;tocar instrumento musical;ler;jogar vídeogames,boxe,Cidade invisível ,Nanatsu no Taizai,"Mensagens: WhatsApp, Messenger, Skype, etc;Arrmazenamento: Google Drive, one Drive, etc",League of legends ,20
13,feminino,20,160,61,1,3,SP capital,"coletivo (ônibus, metro trem)",8,10,2,ouvir música;tocar instrumento musical;ler;jogar vídeogames;assistir filmes e/ou seriados;realizar atividade física,caminhada,Wanda Vision,Loki,"Mensagens: WhatsApp, Messenger, Skype, etc;E-mails;Arrmazenamento: Google Drive, one Drive, etc;Internet banking/finanças:  Paypal, next, way, agibank, nubank, etc;Audio: Spotify, deezer, youtube music, podcast, etc;Vídeo: netflix, YouTube, Viki, MX player, etc;Transporte privado: Uber, 99 taxi, bike itau, etc;Navegador/busca: google, chrome, safari, etc;Navegador/mapa-GPS: maps, waze, etc;Educativos: moodle (e-disciplinas), quora, duolingo, etc;Utilidades: Agenda, google keep, relógio, tradutos, e-card USP, etc;Alimentação: iFood, Rappi, etc","Rede Social/Compartilhamento de informações: Facebook, Instagram, Twitter, Snapchat, Linkden Reddit, WhatsApp, etc;Vídeo: netflix, YouTube, Viki, MX player, etc;Jogos: pokemonGo, solitaire, cartola, kakuro, soul night, etc",24
14,masculino,19,170,64,1,3,outro estado,"coletivo (ônibus, metro trem)",8,25,5,ouvir música;jogar vídeogames;assistir filmes e/ou seriados,nenhuma,Supernatural,HIMYM,"Mensagens: WhatsApp, Messenger, Skype, etc;Rede Social/Compartilhamento de informações: Facebook, Instagram, Twitter, Snapchat, Linkden Reddit, WhatsApp, etc;Internet banking/finanças:  Paypal, next, way, agibank, nubank, etc;Transporte privado: Uber, 99 taxi, bike itau, etc;Navegador/busca: google, chrome, safari, etc;Navegador/mapa-GPS: maps, waze, etc;Educativos: moodle (e-disciplinas), quora, duolingo, etc;Alimentação: iFood, Rappi, etc","Audio: Spotify, deezer, youtube music, podcast, etc;Vídeo: netflix, YouTube, Viki, MX player, etc;Transporte público: Moovit, cadê meu ônibus, etc;Jogos: pokemonGo, solitaire, cartola, kakuro, soul night, etc;Utilidades: Agenda, google keep, relógio, tradutos, e-card USP, etc",10
15,masculino,18,168,61,0,2,outro estado,"coletivo (ônibus, metro trem)",8,20,4,ouvir música;jogar vídeogames;assistir filmes e/ou seriados,nenhuma,Tokyo Revengers,Boku no Hero Academia,"Mensagens: WhatsApp, Messenger, Skype, etc;Rede Social/Compartilhamento de informações: Facebook, Instagram, Twitter, Snapchat, Linkden Reddit, WhatsApp, etc;E-mails;Arrmazenamento: Google Drive, one Drive, etc;Vídeo: netflix, YouTube, Viki, MX player, etc;Transporte privado: Uber, 99 taxi, bike itau, etc;Alimentação: iFood, Rappi, etc","Audio: Spotify, deezer, youtube music, podcast, etc;Vídeo: netflix, YouTube, Viki, MX player, etc",1
16,masculino,18,175,55,1,3,SP região metropolitana,"coletivo (ônibus, metro trem)",9,25,3,ouvir música;ler;jogar vídeogames;realizar atividade física,esteira,How i Met Your Mother,La Casa de Papel,"Mensagens: WhatsApp, Messenger, Skype, etc;Rede Social/Compartilhamento de informações: Facebook, Instagram, Twitter, Snapchat, Linkden Reddit, WhatsApp, etc;E-mails;Arrmazenamento: Google Drive, one Drive, etc;Internet banking/finanças:  Paypal, next, way, agibank, nubank, etc;Vídeo: netflix, YouTube, Viki, MX player, etc;Transporte privado: Uber, 99 taxi, bike itau, etc;Transporte público: Moovit, cadê meu ônibus, etc;Navegador/busca: google, chrome, safari, etc;Navegador/mapa-GPS: maps, waze, etc;Educativos: moodle (e-disciplinas), quora, duolingo, etc;Utilidades: Agenda, google keep, relógio, tradutos, e-card USP, etc;Alimentação: iFood, Rappi, etc","Audio: Spotify, deezer, youtube music, podcast, etc",5
17,feminino,20,159,59,1,3,SP capital,"coletivo (ônibus, metro trem)",8,25,3,ouvir música;ler;jogar vídeogames;assistir filmes e/ou seriados,nenhuma,The Office,Dark,"Mensagens: WhatsApp, Messenger, Skype, etc;E-mails;Audio: Spotify, deezer, youtube music, podcast, etc;Transporte privado: Uber, 99 taxi, bike itau, etc;Transporte público: Moovit, cadê meu ônibus, etc;Navegador/busca: google, chrome, safari, etc;Navegador/mapa-GPS: maps, waze, etc;Utilidades: Agenda, google keep, relógio, tradutos, e-card USP, etc","Rede Social/Compartilhamento de informações: Facebook, Instagram, Twitter, Snapchat, Linkden Reddit, WhatsApp, etc;Vídeo: netflix, YouTube, Viki, MX player, etc;Educativos: moodle (e-disciplinas), quora, duolingo, etc;Alimentação: iFood, Rappi, etc",10
18,feminino,18,172,67,1,1,SP capital,"coletivo (ônibus, metro trem)",6,28,2,ouvir música;ler;jogar vídeogames;assistir filmes e/ou seriados,nenhuma,Gilmore Girls,The Good Place,"Mensagens: WhatsApp, Messenger, Skype, etc;Rede Social/Compartilhamento de informações: Facebook, Instagram, Twitter, Snapchat, Linkden Reddit, WhatsApp, etc;Audio: Spotify, deezer, youtube music, podcast, etc;Vídeo: netflix, YouTube, Viki, MX player, etc;Navegador/busca: google, chrome, safari, etc","E-mails;Arrmazenamento: Google Drive, one Drive, etc;Transporte público: Moovit, cadê meu ônibus, etc;Navegador/mapa-GPS: maps, waze, etc;Educativos: moodle (e-disciplinas), quora, duolingo, etc",16
19,feminino,21,173,55,4 ou mais,1,outro estado,"coletivo (ônibus, metro trem)",7,35,1,ouvir música;ler;assistir filmes e/ou seriados;realizar atividade física,ciclismo,Monty Python’s Flying Circus,Pretend It’s a City,"Mensagens: WhatsApp, Messenger, Skype, etc;E-mails;Arrmazenamento: Google Drive, one Drive, etc;Internet banking/finanças:  Paypal, next, way, agibank, nubank, etc;Transporte privado: Uber, 99 taxi, bike itau, etc;Navegador/busca: google, chrome, safari, etc;Navegador/mapa-GPS: maps, waze, etc;Educativos: moodle (e-disciplinas), quora, duolingo, etc;Utilidades: Agenda, google keep, relógio, tradutos, e-card USP, etc","Rede Social/Compartilhamento de informações: Facebook, Instagram, Twitter, Snapchat, Linkden Reddit, WhatsApp, etc;Audio: Spotify, deezer, youtube music, podcast, etc;Vídeo: netflix, YouTube, Viki, MX player, etc","0,5"
20,masculino,19,178,70,4 ou mais,3,outro estado,"coletivo (ônibus, metro trem)",7,28,2,ouvir música;ler;realizar atividade física,calistenia,Breaking Bad,The Boys,"Mensagens: WhatsApp, Messenger, Skype, etc;Rede Social/Compartilhamento de informações: Facebook, Instagram, Twitter, Snapchat, Linkden Reddit, WhatsApp, etc;E-mails;Transporte privado: Uber, 99 taxi, bike itau, etc;Transporte público: Moovit, cadê meu ônibus, etc;Navegador/busca: google, chrome, safari, etc","Arrmazenamento: Google Drive, one Drive, etc;Internet banking/finanças:  Paypal, next, way, agibank, nubank, etc;Audio: Spotify, deezer, youtube music, podcast, etc;Vídeo: netflix, YouTube, Viki, MX player, etc;Navegador/mapa-GPS: maps, waze, etc;Jogos: pokemonGo, solitaire, cartola, kakuro, soul night, etc;Educativos: moodle (e-disciplinas), quora, duolingo, etc;Utilidades: Agenda, google keep, relógio, tradutos, e-card USP, etc;Alimentação: iFood, Rappi, etc",25
21,masculino,18,166,42,1,3,SP capital,"coletivo (ônibus, metro trem)",7,4,2,ouvir música;ler;jogar vídeogames;realizar atividade física,esteira,Gravity Falls,Eu não consigo pensar de mais nenhum. Não assisto muitos seriados.,"Mensagens: WhatsApp, Messenger, Skype, etc;E-mails;Navegador/busca: google, chrome, safari, etc","Rede Social/Compartilhamento de informações: Facebook, Instagram, Twitter, Snapchat, Linkden Reddit, WhatsApp, etc;Audio: Spotify, deezer, youtube music, podcast, etc;Vídeo: netflix, YouTube, Viki, MX player, etc;Jogos: pokemonGo, solitaire, cartola, kakuro, soul night, etc",21
22,masculino,48,165,72,3,2,SP capital,carro,7,20,3,ouvir música;ler;assistir filmes e/ou seriados;realizar atividade física,musculação,Morden Family,Rita,"Mensagens: WhatsApp, Messenger, Skype, etc;E-mails;Arrmazenamento: Google Drive, one Drive, etc;Internet banking/finanças:  Paypal, next, way, agibank, nubank, etc;Transporte privado: Uber, 99 taxi, bike itau, etc;Navegador/busca: google, chrome, safari, etc;Navegador/mapa-GPS: maps, waze, etc;Utilidades: Agenda, google keep, relógio, tradutos, e-card USP, etc;Alimentação: iFood, Rappi, etc;zona azul","Rede Social/Compartilhamento de informações: Facebook, Instagram, Twitter, Snapchat, Linkden Reddit, WhatsApp, etc;Audio: Spotify, deezer, youtube music, podcast, etc;Vídeo: netflix, YouTube, Viki, MX player, etc;Transporte público: Moovit, cadê meu ônibus, etc;Jogos: pokemonGo, solitaire, cartola, kakuro, soul night, etc",3
23,masculino,24,183,68,0,2,SP interior/litoral,"coletivo (ônibus, metro trem)",8,5,4,ouvir música;tocar instrumento musical;ler;jogar vídeogames;assistir filmes e/ou seriados;realizar atividade física,musculação,Breaking Bad,The Office,"Mensagens: WhatsApp, Messenger, Skype, etc;E-mails;Internet banking/finanças:  Paypal, next, way, agibank, nubank, etc;Audio: Spotify, deezer, youtube music, podcast, etc;Navegador/busca: google, chrome, safari, etc;Utilidades: Agenda, google keep, relógio, tradutos, e-card USP, etc","Arrmazenamento: Google Drive, one Drive, etc;Vídeo: netflix, YouTube, Viki, MX player, etc;Transporte privado: Uber, 99 taxi, bike itau, etc;Transporte público: Moovit, cadê meu ônibus, etc;Navegador/mapa-GPS: maps, waze, etc;Alimentação: iFood, Rappi, etc",0
24,masculino,18,175,60,1,1,outro estado,"coletivo (ônibus, metro trem)",7,4,3,ouvir música;tocar instrumento musical;jogar vídeogames;assistir filmes e/ou seriados;realizar atividade física,calistenia,one piece,bojack horseman,"Mensagens: WhatsApp, Messenger, Skype, etc;E-mails;Arrmazenamento: Google Drive, one Drive, etc;Internet banking/finanças:  Paypal, next, way, agibank, nubank, etc;Transporte privado: Uber, 99 taxi, bike itau, etc;Navegador/busca: google, chrome, safari, etc;Navegador/mapa-GPS: maps, waze, etc;Educativos: moodle (e-disciplinas), quora, duolingo, etc;Utilidades: Agenda, google keep, relógio, tradutos, e-card USP, etc;Alimentação: iFood, Rappi, etc","Rede Social/Compartilhamento de informações: Facebook, Instagram, Twitter, Snapchat, Linkden Reddit, WhatsApp, etc;Audio: Spotify, deezer, youtube music, podcast, etc;Vídeo: netflix, YouTube, Viki, MX player, etc;Jogos: pokemonGo, solitaire, cartola, kakuro, soul night, etc",3
25,masculino,24,165,70,1,5 ou mais,SP capital,"coletivo (ônibus, metro trem)",6,36,3,ouvir música;ler;assistir filmes e/ou seriados,caminhada,Cosmos - A Personal Voyage,Cells at Work,"Mensagens: WhatsApp, Messenger, Skype, etc;E-mails;Arrmazenamento: Google Drive, one Drive, etc;Internet banking/finanças:  Paypal, next, way, agibank, nubank, etc;Audio: Spotify, deezer, youtube music, podcast, etc;Vídeo: netflix, YouTube, Viki, MX player, etc;Transporte privado: Uber, 99 taxi, bike itau, etc;Navegador/busca: google, chrome, safari, etc;Navegador/mapa-GPS: maps, waze, etc;Educativos: moodle (e-disciplinas), quora, duolingo, etc;Utilidades: Agenda, google keep, relógio, tradutos, e-card USP, etc","Rede Social/Compartilhamento de informações: Facebook, Instagram, Twitter, Snapchat, Linkden Reddit, WhatsApp, etc;Alimentação: iFood, Rappi, etc",3
26,masculino,18,178,64,0,2,SP região metropolitana,"coletivo (ônibus, metro trem)",7,25,3,ouvir música;jogar vídeogames;conversar com os amigos online,nenhuma,La casa de papel,Sherlock,"Mensagens: WhatsApp, Messenger, Skype, etc;Rede Social/Compartilhamento de informações: Facebook, Instagram, Twitter, Snapchat, Linkden Reddit, WhatsApp, etc;Internet banking/finanças:  Paypal, next, way, agibank, nubank, etc;Audio: Spotify, deezer, youtube music, podcast, etc;Transporte privado: Uber, 99 taxi, bike itau, etc;Utilidades: Agenda, google keep, relógio, tradutos, e-card USP, etc;Alimentação: iFood, Rappi, etc","Rede Social/Compartilhamento de informações: Facebook, Instagram, Twitter, Snapchat, Linkden Reddit, WhatsApp, etc",5
27,masculino,24,185,84,0,1,SP interior/litoral,"coletivo (ônibus, metro trem)",8,26,4,ouvir música;jogar vídeogames;assistir filmes e/ou seriados,flexão,Ash vs. Evil Dead,Community,"Mensagens: WhatsApp, Messenger, Skype, etc;E-mails;Audio: Spotify, deezer, youtube music, podcast, etc;Vídeo: netflix, YouTube, Viki, MX player, etc;Navegador/busca: google, chrome, safari, etc;Educativos: moodle (e-disciplinas), quora, duolingo, etc;Anki","Vídeo: netflix, YouTube, Viki, MX player, etc",10
28,masculino,22,171,67,1,3,outro estado,"coletivo (ônibus, metro trem)","6,5",27,5,realizar atividade física,musculação,Não assisto séries,Não assisto séries,"Mensagens: WhatsApp, Messenger, Skype, etc;E-mails;Arrmazenamento: Google Drive, one Drive, etc;Internet banking/finanças:  Paypal, next, way, agibank, nubank, etc;Transporte público: Moovit, cadê meu ônibus, etc;Navegador/busca: google, chrome, safari, etc;Navegador/mapa-GPS: maps, waze, etc;Educativos: moodle (e-disciplinas), quora, duolingo, etc;Utilidades: Agenda, google keep, relógio, tradutos, e-card USP, etc","Rede Social/Compartilhamento de informações: Facebook, Instagram, Twitter, Snapchat, Linkden Reddit, WhatsApp, etc;Audio: Spotify, deezer, youtube music, podcast, etc;Vídeo: netflix, YouTube, Viki, MX player, etc;Alimentação: iFood, Rappi, etc",3
29,masculino,18,177,-,2,4,SP região metropolitana,"coletivo (ônibus, metro trem)",7,20,5,ouvir música;jogar vídeogames;assistir filmes e/ou seriados,nenhuma,How i Met Your Mother,12 monkeys,"Mensagens: WhatsApp, Messenger, Skype, etc;Rede Social/Compartilhamento de informações: Facebook, Instagram, Twitter, Snapchat, Linkden Reddit, WhatsApp, etc;E-mails;Arrmazenamento: Google Drive, one Drive, etc;Vídeo: netflix, YouTube, Viki, MX player, etc;Navegador/busca: google, chrome, safari, etc;Educativos: moodle (e-disciplinas), quora, duolingo, etc;Utilidades: Agenda, google keep, relógio, tradutos, e-card USP, etc","Transporte privado: Uber, 99 taxi, bike itau, etc;Jogos: pokemonGo, solitaire, cartola, kakuro, soul night, etc;Alimentação: iFood, Rappi, etc",20
30,masculino,21,175,80,1,1,SP capital,"coletivo (ônibus, metro trem)",6,20,5,ouvir música;tocar instrumento musical;ler;jogar vídeogames;assistir filmes e/ou seriados;realizar atividade física,alongamento,Haikyuu,Fate/Stay Night: Unlimited Blade Works,"Mensagens: WhatsApp, Messenger, Skype, etc;E-mails;Audio: Spotify, deezer, youtube music, podcast, etc;Vídeo: netflix, YouTube, Viki, MX player, etc;Jogos: pokemonGo, solitaire, cartola, kakuro, soul night, etc;Educativos: moodle (e-disciplinas), quora, duolingo, etc;Utilidades: Agenda, google keep, relógio, tradutos, e-card USP, etc","Rede Social/Compartilhamento de informações: Facebook, Instagram, Twitter, Snapchat, Linkden Reddit, WhatsApp, etc",14
31,masculino,21,174,67,1,1,SP região metropolitana,"bicicleta, patinete, skate, outros do gênero",8,4,3,ouvir música;tocar instrumento musical;ler;jogar vídeogames;assistir filmes e/ou seriados;realizar atividade física,ciclismo,Sailor Moon,Urusei Yatsura,"Mensagens: WhatsApp, Messenger, Skype, etc;E-mails;Arrmazenamento: Google Drive, one Drive, etc;Internet banking/finanças:  Paypal, next, way, agibank, nubank, etc;Navegador/busca: google, chrome, safari, etc;Navegador/mapa-GPS: maps, waze, etc;Utilidades: Agenda, google keep, relógio, tradutos, e-card USP, etc","Rede Social/Compartilhamento de informações: Facebook, Instagram, Twitter, Snapchat, Linkden Reddit, WhatsApp, etc;Audio: Spotify, deezer, youtube music, podcast, etc;Vídeo: netflix, YouTube, Viki, MX player, etc;Jogos: pokemonGo, solitaire, cartola, kakuro, soul night, etc",21
32,masculino,19,175,76,1,4,SP capital,"coletivo (ônibus, metro trem)",8,15,4,ouvir música;jogar vídeogames;realizar atividade física,treino,Mr. Robot,,"Mensagens: WhatsApp, Messenger, Skype, etc;E-mails;Internet banking/finanças:  Paypal, next, way, agibank, nubank, etc;Audio: Spotify, deezer, youtube music, podcast, etc;Vídeo: netflix, YouTube, Viki, MX player, etc;Navegador/busca: google, chrome, safari, etc;Navegador/mapa-GPS: maps, waze, etc;Utilidades: Agenda, google keep, relógio, tradutos, e-card USP, etc","Rede Social/Compartilhamento de informações: Facebook, Instagram, Twitter, Snapchat, Linkden Reddit, WhatsApp, etc;Arrmazenamento: Google Drive, one Drive, etc;Transporte privado: Uber, 99 taxi, bike itau, etc;Jogos: pokemonGo, solitaire, cartola, kakuro, soul night, etc;Alimentação: iFood, Rappi, etc",7
33,masculino,28,190,90,2,1,SP capital,"coletivo (ônibus, metro trem)",7,10,5,ouvir música;ler;jogar vídeogames;realizar atividade física;podcasts,calistenia; funcional,Bojack Horseman,Breaking Bad,"Mensagens: WhatsApp, Messenger, Skype, etc;E-mails;Arrmazenamento: Google Drive, one Drive, etc;Internet banking/finanças:  Paypal, next, way, agibank, nubank, etc;Audio: Spotify, deezer, youtube music, podcast, etc;Transporte privado: Uber, 99 taxi, bike itau, etc;Transporte público: Moovit, cadê meu ônibus, etc;Navegador/busca: google, chrome, safari, etc;Navegador/mapa-GPS: maps, waze, etc;Utilidades: Agenda, google keep, relógio, tradutos, e-card USP, etc;Alimentação: iFood, Rappi, etc","Rede Social/Compartilhamento de informações: Facebook, Instagram, Twitter, Snapchat, Linkden Reddit, WhatsApp, etc;Jogos: pokemonGo, solitaire, cartola, kakuro, soul night, etc;Educativos: moodle (e-disciplinas), quora, duolingo, etc",50
34,masculino,26,171,85,1,2,SP região metropolitana,"coletivo (ônibus, metro trem)",10,0,3,ouvir música;ler,nenhuma,Avatar: The Last Airbender,Welcome to The NHK,"Mensagens: WhatsApp, Messenger, Skype, etc;Internet banking/finanças:  Paypal, next, way, agibank, nubank, etc;Navegador/busca: google, chrome, safari, etc;Utilidades: Agenda, google keep, relógio, tradutos, e-card USP, etc","Rede Social/Compartilhamento de informações: Facebook, Instagram, Twitter, Snapchat, Linkden Reddit, WhatsApp, etc;Audio: Spotify, deezer, youtube music, podcast, etc;Vídeo: netflix, YouTube, Viki, MX player, etc;Jogos: pokemonGo, solitaire, cartola, kakuro, soul night, etc;Educativos: moodle (e-disciplinas), quora, duolingo, etc;Alimentação: iFood, Rappi, etc",10
35,masculino,21,182,70,4 ou mais,5 ou mais,SP capital,"coletivo (ônibus, metro trem)",5,14,3,realizar atividade física,basquete,Hunter x Hunter,Charlotte,"Mensagens: WhatsApp, Messenger, Skype, etc;E-mails;Arrmazenamento: Google Drive, one Drive, etc;Internet banking/finanças:  Paypal, next, way, agibank, nubank, etc;Audio: Spotify, deezer, youtube music, podcast, etc;Transporte público: Moovit, cadê meu ônibus, etc;Navegador/busca: google, chrome, safari, etc;Navegador/mapa-GPS: maps, waze, etc;Educativos: moodle (e-disciplinas), quora, duolingo, etc;Utilidades: Agenda, google keep, relógio, tradutos, e-card USP, etc;Alimentação: iFood, Rappi, etc","Rede Social/Compartilhamento de informações: Facebook, Instagram, Twitter, Snapchat, Linkden Reddit, WhatsApp, etc;Vídeo: netflix, YouTube, Viki, MX player, etc;Transporte privado: Uber, 99 taxi, bike itau, etc",4
36,masculino,20,187,120,0,2,outro estado,caminhando,12,28,5,ouvir música;ler;jogar vídeogames;assistir filmes e/ou seriados,nenhuma,Hunter x Hunter,One Piece,"Mensagens: WhatsApp, Messenger, Skype, etc;E-mails;Arrmazenamento: Google Drive, one Drive, etc;Internet banking/finanças:  Paypal, next, way, agibank, nubank, etc;Audio: Spotify, deezer, youtube music, podcast, etc;Transporte privado: Uber, 99 taxi, bike itau, etc;Navegador/busca: google, chrome, safari, etc;Navegador/mapa-GPS: maps, waze, etc;Utilidades: Agenda, google keep, relógio, tradutos, e-card USP, etc;Alimentação: iFood, Rappi, etc","Rede Social/Compartilhamento de informações: Facebook, Instagram, Twitter, Snapchat, Linkden Reddit, WhatsApp, etc;Vídeo: netflix, YouTube, Viki, MX player, etc;Jogos: pokemonGo, solitaire, cartola, kakuro, soul night, etc;Educativos: moodle (e-disciplinas), quora, duolingo, etc",10
37,masculino,19,176,56,1,2,SP capital,"coletivo (ônibus, metro trem)",8,5,3,ouvir música;jogar vídeogames;assistir filmes e/ou seriados,caminhada,Doctor Who,The Walking Dead,"Mensagens: WhatsApp, Messenger, Skype, etc;Rede Social/Compartilhamento de informações: Facebook, Instagram, Twitter, Snapchat, Linkden Reddit, WhatsApp, etc;E-mails;Vídeo: netflix, YouTube, Viki, MX player, etc;Navegador/busca: google, chrome, safari, etc;Utilidades: Agenda, google keep, relógio, tradutos, e-card USP, etc","Arrmazenamento: Google Drive, one Drive, etc;Internet banking/finanças:  Paypal, next, way, agibank, nubank, etc;Audio: Spotify, deezer, youtube music, podcast, etc;Transporte privado: Uber, 99 taxi, bike itau, etc;Transporte público: Moovit, cadê meu ônibus, etc;Navegador/mapa-GPS: maps, waze, etc;Jogos: pokemonGo, solitaire, cartola, kakuro, soul night, etc;Educativos: moodle (e-disciplinas), quora, duolingo, etc;Alimentação: iFood, Rappi, etc",8
38,feminino,21,161,60,4 ou mais,2,SP região metropolitana,"coletivo (ônibus, metro trem)",8,5,3,nada ,nenhuma,Os Simpson,Once Upon a Time,"Mensagens: WhatsApp, Messenger, Skype, etc;E-mails;Arrmazenamento: Google Drive, one Drive, etc;Internet banking/finanças:  Paypal, next, way, agibank, nubank, etc;Audio: Spotify, deezer, youtube music, podcast, etc;Vídeo: netflix, YouTube, Viki, MX player, etc;Transporte privado: Uber, 99 taxi, bike itau, etc;Navegador/busca: google, chrome, safari, etc;Navegador/mapa-GPS: maps, waze, etc;Utilidades: Agenda, google keep, relógio, tradutos, e-card USP, etc;Alimentação: iFood, Rappi, etc","Jogos: pokemonGo, solitaire, cartola, kakuro, soul night, etc",9
39,feminino,22,167,63,1,3,SP região metropolitana,"coletivo (ônibus, metro trem)",7,10,4,ouvir música;ler;assistir filmes e/ou seriados;artesanato,nenhuma,Marvel's Daredevil (Marvel - demolidor),The Musketeers (os mosqueteiros) ,"Mensagens: WhatsApp, Messenger, Skype, etc;E-mails;Arrmazenamento: Google Drive, one Drive, etc;Internet banking/finanças:  Paypal, next, way, agibank, nubank, etc;Audio: Spotify, deezer, youtube music, podcast, etc;Vídeo: netflix, YouTube, Viki, MX player, etc;Transporte público: Moovit, cadê meu ônibus, etc;Navegador/busca: google, chrome, safari, etc;Utilidades: Agenda, google keep, relógio, tradutos, e-card USP, etc","Rede Social/Compartilhamento de informações: Facebook, Instagram, Twitter, Snapchat, Linkden Reddit, WhatsApp, etc",14
40,masculino,24,180,87,0,1,SP capital,"coletivo (ônibus, metro trem)",7,10,4,ouvir música;tocar instrumento musical;ler;jogar vídeogames;assistir filmes e/ou seriados;realizar atividade física,musculação,Breaking Bad,Dark,"Mensagens: WhatsApp, Messenger, Skype, etc;Rede Social/Compartilhamento de informações: Facebook, Instagram, Twitter, Snapchat, Linkden Reddit, WhatsApp, etc;E-mails;Arrmazenamento: Google Drive, one Drive, etc;Internet banking/finanças:  Paypal, next, way, agibank, nubank, etc;Transporte privado: Uber, 99 taxi, bike itau, etc;Transporte público: Moovit, cadê meu ônibus, etc;Navegador/busca: google, chrome, safari, etc;Navegador/mapa-GPS: maps, waze, etc;Educativos: moodle (e-disciplinas), quora, duolingo, etc;Utilidades: Agenda, google keep, relógio, tradutos, e-card USP, etc;Alimentação: iFood, Rappi, etc","Audio: Spotify, deezer, youtube music, podcast, etc;Vídeo: netflix, YouTube, Viki, MX player, etc;Jogos: pokemonGo, solitaire, cartola, kakuro, soul night, etc",10
41,masculino,19,178,74,3,5 ou mais,outro estado,"coletivo (ônibus, metro trem)",6,30,2,ouvir música;jogar vídeogames;assistir filmes e/ou seriados;realizar atividade física,ciclismo,Jojo's Bizarre Adventure,Wanda Vision,"Mensagens: WhatsApp, Messenger, Skype, etc;E-mails;Arrmazenamento: Google Drive, one Drive, etc;Internet banking/finanças:  Paypal, next, way, agibank, nubank, etc;Transporte público: Moovit, cadê meu ônibus, etc;Navegador/busca: google, chrome, safari, etc;Navegador/mapa-GPS: maps, waze, etc;Educativos: moodle (e-disciplinas), quora, duolingo, etc;Utilidades: Agenda, google keep, relógio, tradutos, e-card USP, etc","Audio: Spotify, deezer, youtube music, podcast, etc;Vídeo: netflix, YouTube, Viki, MX player, etc;Jogos: pokemonGo, solitaire, cartola, kakuro, soul night, etc;Alimentação: iFood, Rappi, etc",20
42,masculino,21,178,66,0,2,SP região metropolitana,"coletivo (ônibus, metro trem)",6,6,3,ouvir música;tocar instrumento musical;jogar vídeogames;assistir filmes e/ou seriados;realizar atividade física,cardio,O príncipe dragão,Cardcaptor Sakura,"Mensagens: WhatsApp, Messenger, Skype, etc;Rede Social/Compartilhamento de informações: Facebook, Instagram, Twitter, Snapchat, Linkden Reddit, WhatsApp, etc;E-mails;Arrmazenamento: Google Drive, one Drive, etc;Internet banking/finanças:  Paypal, next, way, agibank, nubank, etc;Audio: Spotify, deezer, youtube music, podcast, etc;Vídeo: netflix, YouTube, Viki, MX player, etc;Navegador/busca: google, chrome, safari, etc;Navegador/mapa-GPS: maps, waze, etc;Utilidades: Agenda, google keep, relógio, tradutos, e-card USP, etc;Alimentação: iFood, Rappi, etc","Rede Social/Compartilhamento de informações: Facebook, Instagram, Twitter, Snapchat, Linkden Reddit, WhatsApp, etc;Transporte privado: Uber, 99 taxi, bike itau, etc;Transporte público: Moovit, cadê meu ônibus, etc;Jogos: pokemonGo, solitaire, cartola, kakuro, soul night, etc;Educativos: moodle (e-disciplinas), quora, duolingo, etc",6
43,masculino,25,185,127,2,2,SP capital,"coletivo (ônibus, metro trem)",15,2,5,nada ,nenhuma,The Chosen,Chuck,"Mensagens: WhatsApp, Messenger, Skype, etc;E-mails;Arrmazenamento: Google Drive, one Drive, etc;Internet banking/finanças:  Paypal, next, way, agibank, nubank, etc;Transporte privado: Uber, 99 taxi, bike itau, etc;Transporte público: Moovit, cadê meu ônibus, etc;Navegador/busca: google, chrome, safari, etc;Alimentação: iFood, Rappi, etc","Mensagens: WhatsApp, Messenger, Skype, etc;Rede Social/Compartilhamento de informações: Facebook, Instagram, Twitter, Snapchat, Linkden Reddit, WhatsApp, etc;Audio: Spotify, deezer, youtube music, podcast, etc;Vídeo: netflix, YouTube, Viki, MX player, etc;Jogos: pokemonGo, solitaire, cartola, kakuro, soul night, etc;Alimentação: iFood, Rappi, etc",1
44,masculino,33,160,68,1,0,SP capital,carro,6,20,4,tocar instrumento musical;assistir filmes e/ou seriados,jiu jitsu,Breaking Bad,Mr robot,"Mensagens: WhatsApp, Messenger, Skype, etc;E-mails;Internet banking/finanças:  Paypal, next, way, agibank, nubank, etc;Audio: Spotify, deezer, youtube music, podcast, etc;Transporte privado: Uber, 99 taxi, bike itau, etc;Navegador/busca: google, chrome, safari, etc;Navegador/mapa-GPS: maps, waze, etc",,-
45,masculino,34,185,60,2,1,SP capital,"coletivo (ônibus, metro trem)",8,25,3,ouvir música;realizar atividade física,caminhada,Supernatural,Smallville,"Mensagens: WhatsApp, Messenger, Skype, etc;E-mails;Vídeo: netflix, YouTube, Viki, MX player, etc;Navegador/busca: google, chrome, safari, etc;Navegador/mapa-GPS: maps, waze, etc","Rede Social/Compartilhamento de informações: Facebook, Instagram, Twitter, Snapchat, Linkden Reddit, WhatsApp, etc;Arrmazenamento: Google Drive, one Drive, etc;Internet banking/finanças:  Paypal, next, way, agibank, nubank, etc;Audio: Spotify, deezer, youtube music, podcast, etc;Transporte privado: Uber, 99 taxi, bike itau, etc;Transporte público: Moovit, cadê meu ônibus, etc;Jogos: pokemonGo, solitaire, cartola, kakuro, soul night, etc;Educativos: moodle (e-disciplinas), quora, duolingo, etc;Utilidades: Agenda, google keep, relógio, tradutos, e-card USP, etc;Alimentação: iFood, Rappi, etc",25
46,masculino,33,174,74,4 ou mais,1,SP capital,carro,6,16,3,ler;assistir filmes e/ou seriados,nenhuma,Game Of Thrones,The Office,"Mensagens: WhatsApp, Messenger, Skype, etc;E-mails;Arrmazenamento: Google Drive, one Drive, etc;Audio: Spotify, deezer, youtube music, podcast, etc;Vídeo: netflix, YouTube, Viki, MX player, etc;Navegador/busca: google, chrome, safari, etc;Navegador/mapa-GPS: maps, waze, etc;Utilidades: Agenda, google keep, relógio, tradutos, e-card USP, etc","Rede Social/Compartilhamento de informações: Facebook, Instagram, Twitter, Snapchat, Linkden Reddit, WhatsApp, etc;Internet banking/finanças:  Paypal, next, way, agibank, nubank, etc;Transporte privado: Uber, 99 taxi, bike itau, etc;Transporte público: Moovit, cadê meu ônibus, etc;Jogos: pokemonGo, solitaire, cartola, kakuro, soul night, etc;Educativos: moodle (e-disciplinas), quora, duolingo, etc;Alimentação: iFood, Rappi, etc",6
47,masculino,24,180,70,0,4,SP capital,caminhando,8,20,3,ouvir música;tocar instrumento musical;ler,caminhada,The Thick Of It,Nirvanna The Band The Show,"Mensagens: WhatsApp, Messenger, Skype, etc;E-mails;Arrmazenamento: Google Drive, one Drive, etc;Internet banking/finanças:  Paypal, next, way, agibank, nubank, etc;Audio: Spotify, deezer, youtube music, podcast, etc;Transporte privado: Uber, 99 taxi, bike itau, etc;Transporte público: Moovit, cadê meu ônibus, etc;Navegador/busca: google, chrome, safari, etc;Navegador/mapa-GPS: maps, waze, etc;Utilidades: Agenda, google keep, relógio, tradutos, e-card USP, etc","Rede Social/Compartilhamento de informações: Facebook, Instagram, Twitter, Snapchat, Linkden Reddit, WhatsApp, etc;Alimentação: iFood, Rappi, etc",8
48,masculino,18,177,54,1,2,SP capital,"coletivo (ônibus, metro trem)",8,42,3,ouvir música;tocar instrumento musical;ler;jogar vídeogames;assistir filmes e/ou seriados,nenhuma,Atlanta,Friends,"Mensagens: WhatsApp, Messenger, Skype, etc;E-mails;Transporte privado: Uber, 99 taxi, bike itau, etc;Navegador/busca: google, chrome, safari, etc;Navegador/mapa-GPS: maps, waze, etc;Alimentação: iFood, Rappi, etc","Rede Social/Compartilhamento de informações: Facebook, Instagram, Twitter, Snapchat, Linkden Reddit, WhatsApp, etc;Audio: Spotify, deezer, youtube music, podcast, etc;Vídeo: netflix, YouTube, Viki, MX player, etc;Jogos: pokemonGo, solitaire, cartola, kakuro, soul night, etc",2
49,masculino,18,175,65,4 ou mais,2,SP região metropolitana,"coletivo (ônibus, metro trem)",6,10,2,ouvir música;tocar instrumento musical;assistir filmes e/ou seriados;realizar atividade física,musculação,The Big Bang Theory ,Friends,"Mensagens: WhatsApp, Messenger, Skype, etc;Rede Social/Compartilhamento de informações: Facebook, Instagram, Twitter, Snapchat, Linkden Reddit, WhatsApp, etc;E-mails;Arrmazenamento: Google Drive, one Drive, etc;Internet banking/finanças:  Paypal, next, way, agibank, nubank, etc;Audio: Spotify, deezer, youtube music, podcast, etc;Vídeo: netflix, YouTube, Viki, MX player, etc;Transporte privado: Uber, 99 taxi, bike itau, etc;Transporte público: Moovit, cadê meu ônibus, etc;Navegador/busca: google, chrome, safari, etc;Navegador/mapa-GPS: maps, waze, etc;Educativos: moodle (e-disciplinas), quora, duolingo, etc;Utilidades: Agenda, google keep, relógio, tradutos, e-card USP, etc","Jogos: pokemonGo, solitaire, cartola, kakuro, soul night, etc;Alimentação: iFood, Rappi, etc",3
50,masculino,20,180,71,1,3,SP interior/litoral,"coletivo (ônibus, metro trem)","7,5",33,3,ouvir música;tocar instrumento musical;ler;realizar atividade física;assistir vídeos sobre culinária e cozinhar,corrida,Friends,Prison Break,"Mensagens: WhatsApp, Messenger, Skype, etc;Internet banking/finanças:  Paypal, next, way, agibank, nubank, etc;Audio: Spotify, deezer, youtube music, podcast, etc;Transporte privado: Uber, 99 taxi, bike itau, etc;Navegador/busca: google, chrome, safari, etc;Navegador/mapa-GPS: maps, waze, etc;Utilidades: Agenda, google keep, relógio, tradutos, e-card USP, etc","Rede Social/Compartilhamento de informações: Facebook, Instagram, Twitter, Snapchat, Linkden Reddit, WhatsApp, etc;E-mails;Arrmazenamento: Google Drive, one Drive, etc;Vídeo: netflix, YouTube, Viki, MX player, etc;Transporte público: Moovit, cadê meu ônibus, etc;Jogos: pokemonGo, solitaire, cartola, kakuro, soul night, etc;Educativos: moodle (e-disciplinas), quora, duolingo, etc;Alimentação: iFood, Rappi, etc",12
51,feminino,19,160,55,2,4,outro estado,"coletivo (ônibus, metro trem)",8,15,2,ouvir música;tocar instrumento musical;ler;jogar vídeogames;assistir filmes e/ou seriados,nenhuma,Dark,(anime) Fullmetal Alchemist Brotherhood,"Mensagens: WhatsApp, Messenger, Skype, etc;Rede Social/Compartilhamento de informações: Facebook, Instagram, Twitter, Snapchat, Linkden Reddit, WhatsApp, etc;E-mails;Arrmazenamento: Google Drive, one Drive, etc;Navegador/busca: google, chrome, safari, etc;Navegador/mapa-GPS: maps, waze, etc;Utilidades: Agenda, google keep, relógio, tradutos, e-card USP, etc","Rede Social/Compartilhamento de informações: Facebook, Instagram, Twitter, Snapchat, Linkden Reddit, WhatsApp, etc;Audio: Spotify, deezer, youtube music, podcast, etc;Vídeo: netflix, YouTube, Viki, MX player, etc;Jogos: pokemonGo, solitaire, cartola, kakuro, soul night, etc",14
52,masculino,22,175,70,1,4,SP interior/litoral,"coletivo (ônibus, metro trem)",8,20,3,ouvir música;ler;jogar vídeogames;assistir filmes e/ou seriados;realizar atividade física,calistenia,Invincible,Jujutsu Kaisen,"Mensagens: WhatsApp, Messenger, Skype, etc;E-mails;Internet banking/finanças:  Paypal, next, way, agibank, nubank, etc;Navegador/busca: google, chrome, safari, etc;Navegador/mapa-GPS: maps, waze, etc;Utilidades: Agenda, google keep, relógio, tradutos, e-card USP, etc","Rede Social/Compartilhamento de informações: Facebook, Instagram, Twitter, Snapchat, Linkden Reddit, WhatsApp, etc;Audio: Spotify, deezer, youtube music, podcast, etc;Vídeo: netflix, YouTube, Viki, MX player, etc;Jogos: pokemonGo, solitaire, cartola, kakuro, soul night, etc;Alimentação: iFood, Rappi, etc",8
53,masculino,17,179,65,1,3,SP capital,"coletivo (ônibus, metro trem)",7,42,3,ouvir música;ler;jogar vídeogames;assistir filmes e/ou seriados,nenhuma,Lupin,Stranger Things,"Mensagens: WhatsApp, Messenger, Skype, etc;E-mails;Arrmazenamento: Google Drive, one Drive, etc;Vídeo: netflix, YouTube, Viki, MX player, etc;Navegador/busca: google, chrome, safari, etc;Navegador/mapa-GPS: maps, waze, etc","Rede Social/Compartilhamento de informações: Facebook, Instagram, Twitter, Snapchat, Linkden Reddit, WhatsApp, etc;Jogos: pokemonGo, solitaire, cartola, kakuro, soul night, etc;Educativos: moodle (e-disciplinas), quora, duolingo, etc;Utilidades: Agenda, google keep, relógio, tradutos, e-card USP, etc",12
54,masculino,20,181,84,1,2,SP capital,"coletivo (ônibus, metro trem)",7,15,3,ouvir música;jogar vídeogames;assistir filmes e/ou seriados;realizar atividade física;Falar com pessoas que não via a algum tempo,musculação,Prison Break,The Walking Dead,"Mensagens: WhatsApp, Messenger, Skype, etc;Rede Social/Compartilhamento de informações: Facebook, Instagram, Twitter, Snapchat, Linkden Reddit, WhatsApp, etc;E-mails;Arrmazenamento: Google Drive, one Drive, etc;Internet banking/finanças:  Paypal, next, way, agibank, nubank, etc;Audio: Spotify, deezer, youtube music, podcast, etc;Vídeo: netflix, YouTube, Viki, MX player, etc;Transporte privado: Uber, 99 taxi, bike itau, etc;Navegador/busca: google, chrome, safari, etc;Navegador/mapa-GPS: maps, waze, etc;Educativos: moodle (e-disciplinas), quora, duolingo, etc;Alimentação: iFood, Rappi, etc","Transporte público: Moovit, cadê meu ônibus, etc;Jogos: pokemonGo, solitaire, cartola, kakuro, soul night, etc;Utilidades: Agenda, google keep, relógio, tradutos, e-card USP, etc",6
55,masculino,18,182,69,2,5 ou mais,outro estado,"coletivo (ônibus, metro trem)",8,20,2,ouvir música;assistir filmes e/ou seriados;realizar atividade física,skate,Blindspot,modern family,"Mensagens: WhatsApp, Messenger, Skype, etc;E-mails;Arrmazenamento: Google Drive, one Drive, etc;Audio: Spotify, deezer, youtube music, podcast, etc;Vídeo: netflix, YouTube, Viki, MX player, etc;Transporte privado: Uber, 99 taxi, bike itau, etc;Navegador/busca: google, chrome, safari, etc;Utilidades: Agenda, google keep, relógio, tradutos, e-card USP, etc;Alimentação: iFood, Rappi, etc","Rede Social/Compartilhamento de informações: Facebook, Instagram, Twitter, Snapchat, Linkden Reddit, WhatsApp, etc;Jogos: pokemonGo, solitaire, cartola, kakuro, soul night, etc",4
56,masculino,18,190,75,2,5 ou mais,outro estado,"coletivo (ônibus, metro trem)",7,20,4,ouvir música;jogar vídeogames;assistir filmes e/ou seriados;realizar atividade física,basquete,Twin Peaks,The leftovers,"Mensagens: WhatsApp, Messenger, Skype, etc;Rede Social/Compartilhamento de informações: Facebook, Instagram, Twitter, Snapchat, Linkden Reddit, WhatsApp, etc;E-mails;Arrmazenamento: Google Drive, one Drive, etc;Internet banking/finanças:  Paypal, next, way, agibank, nubank, etc;Audio: Spotify, deezer, youtube music, podcast, etc;Vídeo: netflix, YouTube, Viki, MX player, etc;Transporte privado: Uber, 99 taxi, bike itau, etc;Navegador/busca: google, chrome, safari, etc;Navegador/mapa-GPS: maps, waze, etc;Alimentação: iFood, Rappi, etc","Internet banking/finanças:  Paypal, next, way, agibank, nubank, etc;Transporte privado: Uber, 99 taxi, bike itau, etc;Navegador/mapa-GPS: maps, waze, etc;Alimentação: iFood, Rappi, etc",1
57,masculino,19,175,65,2,2,outro estado,"coletivo (ônibus, metro trem)",7,3,2,ouvir música;jogar vídeogames;assistir filmes e/ou seriados;realizar atividade física,basquete,Death Note,Dungeon ni Deai wo Motomeru no wa Machigatteiru Darou ka?,"Mensagens: WhatsApp, Messenger, Skype, etc;E-mails;Arrmazenamento: Google Drive, one Drive, etc;Internet banking/finanças:  Paypal, next, way, agibank, nubank, etc;Vídeo: netflix, YouTube, Viki, MX player, etc;Transporte privado: Uber, 99 taxi, bike itau, etc;Transporte público: Moovit, cadê meu ônibus, etc;Navegador/busca: google, chrome, safari, etc;Navegador/mapa-GPS: maps, waze, etc;Educativos: moodle (e-disciplinas), quora, duolingo, etc","Rede Social/Compartilhamento de informações: Facebook, Instagram, Twitter, Snapchat, Linkden Reddit, WhatsApp, etc;Jogos: pokemonGo, solitaire, cartola, kakuro, soul night, etc;Alimentação: iFood, Rappi, etc",8
58,masculino,18,170,50,0,2,SP capital,"coletivo (ônibus, metro trem)",8,7,3,jogar vídeogames,nenhuma,-,,"Mensagens: WhatsApp, Messenger, Skype, etc;Rede Social/Compartilhamento de informações: Facebook, Instagram, Twitter, Snapchat, Linkden Reddit, WhatsApp, etc;E-mails;Arrmazenamento: Google Drive, one Drive, etc;Internet banking/finanças:  Paypal, next, way, agibank, nubank, etc;Vídeo: netflix, YouTube, Viki, MX player, etc;Transporte privado: Uber, 99 taxi, bike itau, etc;Transporte público: Moovit, cadê meu ônibus, etc;Navegador/busca: google, chrome, safari, etc;Navegador/mapa-GPS: maps, waze, etc;Educativos: moodle (e-disciplinas), quora, duolingo, etc;Utilidades: Agenda, google keep, relógio, tradutos, e-card USP, etc",,35
59,masculino,20,170,63,1,3,SP região metropolitana,"coletivo (ônibus, metro trem)",7,25,4,ouvir música;tocar instrumento musical;jogar vídeogames;assistir filmes e/ou seriados,caminhada,Atypical,Friends,"Audio: Spotify, deezer, youtube music, podcast, etc;Vídeo: netflix, YouTube, Viki, MX player, etc;Transporte público: Moovit, cadê meu ônibus, etc;Navegador/busca: google, chrome, safari, etc;Navegador/mapa-GPS: maps, waze, etc","Mensagens: WhatsApp, Messenger, Skype, etc;Rede Social/Compartilhamento de informações: Facebook, Instagram, Twitter, Snapchat, Linkden Reddit, WhatsApp, etc;Arrmazenamento: Google Drive, one Drive, etc;Jogos: pokemonGo, solitaire, cartola, kakuro, soul night, etc;Alimentação: iFood, Rappi, etc",8
60,feminino,19,162,53,2,4,outro estado,"coletivo (ônibus, metro trem)",6,8,3,ouvir música;tocar instrumento musical;ler;jogar vídeogames;assistir filmes e/ou seriados,nenhuma,Breaking Bad,killing eve,"Mensagens: WhatsApp, Messenger, Skype, etc;Rede Social/Compartilhamento de informações: Facebook, Instagram, Twitter, Snapchat, Linkden Reddit, WhatsApp, etc;E-mails;Arrmazenamento: Google Drive, one Drive, etc;Audio: Spotify, deezer, youtube music, podcast, etc;Vídeo: netflix, YouTube, Viki, MX player, etc;Transporte privado: Uber, 99 taxi, bike itau, etc;Transporte público: Moovit, cadê meu ônibus, etc;Navegador/busca: google, chrome, safari, etc;Navegador/mapa-GPS: maps, waze, etc;Utilidades: Agenda, google keep, relógio, tradutos, e-card USP, etc;Alimentação: iFood, Rappi, etc","Internet banking/finanças:  Paypal, next, way, agibank, nubank, etc;Jogos: pokemonGo, solitaire, cartola, kakuro, soul night, etc;Educativos: moodle (e-disciplinas), quora, duolingo, etc",2
61,masculino,18,186,63,1,2,SP interior/litoral,"coletivo (ônibus, metro trem)",6,25,3,ouvir música;ler;jogar vídeogames;assistir filmes e/ou seriados;realizar atividade física,ciclismo,The Flash,Stranger Things ,"Mensagens: WhatsApp, Messenger, Skype, etc;Rede Social/Compartilhamento de informações: Facebook, Instagram, Twitter, Snapchat, Linkden Reddit, WhatsApp, etc;E-mails;Arrmazenamento: Google Drive, one Drive, etc;Internet banking/finanças:  Paypal, next, way, agibank, nubank, etc;Audio: Spotify, deezer, youtube music, podcast, etc;Vídeo: netflix, YouTube, Viki, MX player, etc;Transporte privado: Uber, 99 taxi, bike itau, etc;Navegador/busca: google, chrome, safari, etc;Navegador/mapa-GPS: maps, waze, etc;Educativos: moodle (e-disciplinas), quora, duolingo, etc;Utilidades: Agenda, google keep, relógio, tradutos, e-card USP, etc;Alimentação: iFood, Rappi, etc","Jogos: pokemonGo, solitaire, cartola, kakuro, soul night, etc",0
62,masculino,18,175,75,0,2,outro estado,"coletivo (ônibus, metro trem)",6,24,4,ouvir música;jogar vídeogames;assistir filmes e/ou seriados,nenhuma,Game of Thrones ,Grey´s Anatomy,"Mensagens: WhatsApp, Messenger, Skype, etc;Rede Social/Compartilhamento de informações: Facebook, Instagram, Twitter, Snapchat, Linkden Reddit, WhatsApp, etc;E-mails","Rede Social/Compartilhamento de informações: Facebook, Instagram, Twitter, Snapchat, Linkden Reddit, WhatsApp, etc;Audio: Spotify, deezer, youtube music, podcast, etc;Vídeo: netflix, YouTube, Viki, MX player, etc",30
63,masculino,19,168,62,1,5 ou mais,SP capital,"coletivo (ônibus, metro trem)",6,7,3,ouvir música;tocar instrumento musical,nenhuma,"Avatar, a lenda de Aang",Miraculous Ladybug,"Mensagens: WhatsApp, Messenger, Skype, etc;E-mails;Vídeo: netflix, YouTube, Viki, MX player, etc;Transporte privado: Uber, 99 taxi, bike itau, etc;Navegador/busca: google, chrome, safari, etc;Navegador/mapa-GPS: maps, waze, etc;Utilidades: Agenda, google keep, relógio, tradutos, e-card USP, etc;Alimentação: iFood, Rappi, etc","Arrmazenamento: Google Drive, one Drive, etc;Transporte público: Moovit, cadê meu ônibus, etc;Jogos: pokemonGo, solitaire, cartola, kakuro, soul night, etc",1
64,masculino,18,163,56,1,3,SP capital,carro,7,10,3,ouvir música;tocar instrumento musical;assistir filmes e/ou seriados,nenhuma,Over the garden wall,Steven Universo,"Mensagens: WhatsApp, Messenger, Skype, etc;E-mails;Arrmazenamento: Google Drive, one Drive, etc;Audio: Spotify, deezer, youtube music, podcast, etc;Navegador/busca: google, chrome, safari, etc;Educativos: moodle (e-disciplinas), quora, duolingo, etc;Utilidades: Agenda, google keep, relógio, tradutos, e-card USP, etc","Rede Social/Compartilhamento de informações: Facebook, Instagram, Twitter, Snapchat, Linkden Reddit, WhatsApp, etc;Vídeo: netflix, YouTube, Viki, MX player, etc;Jogos: pokemonGo, solitaire, cartola, kakuro, soul night, etc",24
65,masculino,20,175,77,0,2,SP interior/litoral,"coletivo (ônibus, metro trem)",8,4,4,ouvir música;tocar instrumento musical;jogar vídeogames;assistir filmes e/ou seriados,nenhuma,Rick & Morty,Yu-Gi-Oh,"Mensagens: WhatsApp, Messenger, Skype, etc;E-mails;Arrmazenamento: Google Drive, one Drive, etc;Internet banking/finanças:  Paypal, next, way, agibank, nubank, etc;Audio: Spotify, deezer, youtube music, podcast, etc;Navegador/busca: google, chrome, safari, etc;Educativos: moodle (e-disciplinas), quora, duolingo, etc;Utilidades: Agenda, google keep, relógio, tradutos, e-card USP, etc","Vídeo: netflix, YouTube, Viki, MX player, etc;Jogos: pokemonGo, solitaire, cartola, kakuro, soul night, etc",2
66,masculino,18,175,63,0,2,SP capital,"coletivo (ônibus, metro trem)",8,20,3,ler;jogar vídeogames;assistir filmes e/ou seriados;realizar atividade física,caminhada,Breaking Bad,Cobra Kai,"Mensagens: WhatsApp, Messenger, Skype, etc;E-mails;Arrmazenamento: Google Drive, one Drive, etc;Internet banking/finanças:  Paypal, next, way, agibank, nubank, etc;Navegador/busca: google, chrome, safari, etc;Utilidades: Agenda, google keep, relógio, tradutos, e-card USP, etc","Rede Social/Compartilhamento de informações: Facebook, Instagram, Twitter, Snapchat, Linkden Reddit, WhatsApp, etc;Audio: Spotify, deezer, youtube music, podcast, etc;Vídeo: netflix, YouTube, Viki, MX player, etc;Navegador/mapa-GPS: maps, waze, etc;Jogos: pokemonGo, solitaire, cartola, kakuro, soul night, etc;Educativos: moodle (e-disciplinas), quora, duolingo, etc",6
67,feminino,20,164,55,1,2,SP região metropolitana,"coletivo (ônibus, metro trem)",8,25,3,tocar instrumento musical;assistir filmes e/ou seriados;realizar atividade física,corrida,La casa de papel,Mr.Robot,"Mensagens: WhatsApp, Messenger, Skype, etc;E-mails;Arrmazenamento: Google Drive, one Drive, etc;Internet banking/finanças:  Paypal, next, way, agibank, nubank, etc;Audio: Spotify, deezer, youtube music, podcast, etc;Vídeo: netflix, YouTube, Viki, MX player, etc;Transporte privado: Uber, 99 taxi, bike itau, etc;Transporte público: Moovit, cadê meu ônibus, etc;Navegador/busca: google, chrome, safari, etc;Navegador/mapa-GPS: maps, waze, etc;Utilidades: Agenda, google keep, relógio, tradutos, e-card USP, etc","Jogos: pokemonGo, solitaire, cartola, kakuro, soul night, etc;Alimentação: iFood, Rappi, etc",0
68,masculino,25,180,70,1,1,outro estado,"bicicleta, patinete, skate, outros do gênero",8,20,3,ouvir música;assistir filmes e/ou seriados,nenhuma,Lost,The office,"Mensagens: WhatsApp, Messenger, Skype, etc;Rede Social/Compartilhamento de informações: Facebook, Instagram, Twitter, Snapchat, Linkden Reddit, WhatsApp, etc;E-mails;Arrmazenamento: Google Drive, one Drive, etc;Internet banking/finanças:  Paypal, next, way, agibank, nubank, etc;Audio: Spotify, deezer, youtube music, podcast, etc;Transporte privado: Uber, 99 taxi, bike itau, etc;Navegador/busca: google, chrome, safari, etc;Educativos: moodle (e-disciplinas), quora, duolingo, etc;Alimentação: iFood, Rappi, etc","Rede Social/Compartilhamento de informações: Facebook, Instagram, Twitter, Snapchat, Linkden Reddit, WhatsApp, etc;Alimentação: iFood, Rappi, etc",10
69,masculino,19,175,115,0,2,SP capital,"coletivo (ônibus, metro trem)",6,0,4,ouvir música;jogar vídeogames;assistir filmes e/ou seriados,nenhuma,Modern Family,Sense8,"Mensagens: WhatsApp, Messenger, Skype, etc;Rede Social/Compartilhamento de informações: Facebook, Instagram, Twitter, Snapchat, Linkden Reddit, WhatsApp, etc;Arrmazenamento: Google Drive, one Drive, etc;Internet banking/finanças:  Paypal, next, way, agibank, nubank, etc;Audio: Spotify, deezer, youtube music, podcast, etc;Vídeo: netflix, YouTube, Viki, MX player, etc;Transporte privado: Uber, 99 taxi, bike itau, etc;Transporte público: Moovit, cadê meu ônibus, etc;Navegador/busca: google, chrome, safari, etc;Navegador/mapa-GPS: maps, waze, etc;Jogos: pokemonGo, solitaire, cartola, kakuro, soul night, etc;Utilidades: Agenda, google keep, relógio, tradutos, e-card USP, etc;Alimentação: iFood, Rappi, etc","Transporte privado: Uber, 99 taxi, bike itau, etc;Jogos: pokemonGo, solitaire, cartola, kakuro, soul night, etc;Alimentação: iFood, Rappi, etc",0
70,masculino,23,182,90,4 ou mais,4,SP região metropolitana,"coletivo (ônibus, metro trem)",9,0,4,ouvir música;ler;jogar vídeogames;assistir filmes e/ou seriados;Cozinhar,nenhuma,Brooklyn 99,Parks and Recs,"Mensagens: WhatsApp, Messenger, Skype, etc;Rede Social/Compartilhamento de informações: Facebook, Instagram, Twitter, Snapchat, Linkden Reddit, WhatsApp, etc;E-mails;Arrmazenamento: Google Drive, one Drive, etc;Internet banking/finanças:  Paypal, next, way, agibank, nubank, etc;Audio: Spotify, deezer, youtube music, podcast, etc;Vídeo: netflix, YouTube, Viki, MX player, etc;Transporte privado: Uber, 99 taxi, bike itau, etc;Navegador/busca: google, chrome, safari, etc;Navegador/mapa-GPS: maps, waze, etc;Utilidades: Agenda, google keep, relógio, tradutos, e-card USP, etc;Alimentação: iFood, Rappi, etc","Jogos: pokemonGo, solitaire, cartola, kakuro, soul night, etc",0
71,feminino,20,165,51,2,3,outro estado,caminhando,7,20,3,ouvir música;ler;assistir filmes e/ou seriados;realizar atividade física,tênis,euphoria,friends,"Mensagens: WhatsApp, Messenger, Skype, etc;Internet banking/finanças:  Paypal, next, way, agibank, nubank, etc;Audio: Spotify, deezer, youtube music, podcast, etc;Transporte privado: Uber, 99 taxi, bike itau, etc;Navegador/busca: google, chrome, safari, etc;Navegador/mapa-GPS: maps, waze, etc;Utilidades: Agenda, google keep, relógio, tradutos, e-card USP, etc;Alimentação: iFood, Rappi, etc","Rede Social/Compartilhamento de informações: Facebook, Instagram, Twitter, Snapchat, Linkden Reddit, WhatsApp, etc;Arrmazenamento: Google Drive, one Drive, etc;Vídeo: netflix, YouTube, Viki, MX player, etc;Transporte público: Moovit, cadê meu ônibus, etc;Jogos: pokemonGo, solitaire, cartola, kakuro, soul night, etc;Educativos: moodle (e-disciplinas), quora, duolingo, etc",20
72,masculino,22,184,70,0,2,SP região metropolitana,"coletivo (ônibus, metro trem)",9,30,3,ouvir música;ler;jogar vídeogames;assistir filmes e/ou seriados,nenhuma,Brooklyn 99,Game of Thrones,"Mensagens: WhatsApp, Messenger, Skype, etc;Rede Social/Compartilhamento de informações: Facebook, Instagram, Twitter, Snapchat, Linkden Reddit, WhatsApp, etc;E-mails;Arrmazenamento: Google Drive, one Drive, etc;Internet banking/finanças:  Paypal, next, way, agibank, nubank, etc;Audio: Spotify, deezer, youtube music, podcast, etc;Vídeo: netflix, YouTube, Viki, MX player, etc;Transporte privado: Uber, 99 taxi, bike itau, etc;Navegador/busca: google, chrome, safari, etc;Navegador/mapa-GPS: maps, waze, etc;Educativos: moodle (e-disciplinas), quora, duolingo, etc;Utilidades: Agenda, google keep, relógio, tradutos, e-card USP, etc;Alimentação: iFood, Rappi, etc","Rede Social/Compartilhamento de informações: Facebook, Instagram, Twitter, Snapchat, Linkden Reddit, WhatsApp, etc;Arrmazenamento: Google Drive, one Drive, etc;Vídeo: netflix, YouTube, Viki, MX player, etc;Utilidades: Agenda, google keep, relógio, tradutos, e-card USP, etc",35
73,masculino,21,171,70,1,3,outro estado,carro,"7,5",13,3,ouvir música;jogar vídeogames;realizar atividade física,tênis,Game of Thrones,Chernobyl,"Mensagens: WhatsApp, Messenger, Skype, etc;Rede Social/Compartilhamento de informações: Facebook, Instagram, Twitter, Snapchat, Linkden Reddit, WhatsApp, etc;E-mails;Arrmazenamento: Google Drive, one Drive, etc;Audio: Spotify, deezer, youtube music, podcast, etc;Vídeo: netflix, YouTube, Viki, MX player, etc;Transporte privado: Uber, 99 taxi, bike itau, etc;Navegador/busca: google, chrome, safari, etc;Jogos: pokemonGo, solitaire, cartola, kakuro, soul night, etc;Alimentação: iFood, Rappi, etc","Audio: Spotify, deezer, youtube music, podcast, etc",15
74,masculino,20,168,61,4 ou mais,5 ou mais,outro estado,"coletivo (ônibus, metro trem)",8,15,3,ouvir música;jogar vídeogames;assistir filmes e/ou seriados;realizar atividade física;Fazer/participar de lives,ciclismo,Sherlock Holmes,Rick and Morty,"Mensagens: WhatsApp, Messenger, Skype, etc;Rede Social/Compartilhamento de informações: Facebook, Instagram, Twitter, Snapchat, Linkden Reddit, WhatsApp, etc;E-mails;Arrmazenamento: Google Drive, one Drive, etc;Audio: Spotify, deezer, youtube music, podcast, etc;Transporte privado: Uber, 99 taxi, bike itau, etc;Transporte público: Moovit, cadê meu ônibus, etc;Educativos: moodle (e-disciplinas), quora, duolingo, etc;Alimentação: iFood, Rappi, etc","Vídeo: netflix, YouTube, Viki, MX player, etc;Jogos: pokemonGo, solitaire, cartola, kakuro, soul night, etc",4
75,masculino,20,172,75,1,3,SP região metropolitana,"coletivo (ônibus, metro trem)",7,20,4,ouvir música;tocar instrumento musical;jogar vídeogames;assistir filmes e/ou seriados;realizar atividade física,corrida,The Office,Breaking Bad,"Mensagens: WhatsApp, Messenger, Skype, etc;E-mails;Internet banking/finanças:  Paypal, next, way, agibank, nubank, etc;Transporte privado: Uber, 99 taxi, bike itau, etc;Navegador/busca: google, chrome, safari, etc;Navegador/mapa-GPS: maps, waze, etc;Educativos: moodle (e-disciplinas), quora, duolingo, etc;Utilidades: Agenda, google keep, relógio, tradutos, e-card USP, etc","Rede Social/Compartilhamento de informações: Facebook, Instagram, Twitter, Snapchat, Linkden Reddit, WhatsApp, etc;Arrmazenamento: Google Drive, one Drive, etc;Audio: Spotify, deezer, youtube music, podcast, etc;Vídeo: netflix, YouTube, Viki, MX player, etc;Alimentação: iFood, Rappi, etc",10
76,masculino,30,186,90,2,0,SP capital,"bicicleta, patinete, skate, outros do gênero",6,10,3,ler;jogar vídeogames;assistir filmes e/ou seriados;realizar atividade física;jardinagem,ciclismo,Mr Robot,The Sopranos,"Mensagens: WhatsApp, Messenger, Skype, etc;E-mails;Arrmazenamento: Google Drive, one Drive, etc;Internet banking/finanças:  Paypal, next, way, agibank, nubank, etc;Vídeo: netflix, YouTube, Viki, MX player, etc;Transporte privado: Uber, 99 taxi, bike itau, etc;Transporte público: Moovit, cadê meu ônibus, etc;Navegador/busca: google, chrome, safari, etc;Navegador/mapa-GPS: maps, waze, etc;Alimentação: iFood, Rappi, etc;Tinder","Rede Social/Compartilhamento de informações: Facebook, Instagram, Twitter, Snapchat, Linkden Reddit, WhatsApp, etc",8
77,masculino,26,195,100,2,1,SP capital,"coletivo (ônibus, metro trem)",7,20,3,jogar vídeogames,caminhada,Mad men,House of cards,"Mensagens: WhatsApp, Messenger, Skype, etc;E-mails;Arrmazenamento: Google Drive, one Drive, etc;Internet banking/finanças:  Paypal, next, way, agibank, nubank, etc;Audio: Spotify, deezer, youtube music, podcast, etc;Vídeo: netflix, YouTube, Viki, MX player, etc;Transporte privado: Uber, 99 taxi, bike itau, etc;Transporte público: Moovit, cadê meu ônibus, etc;Navegador/busca: google, chrome, safari, etc;Utilidades: Agenda, google keep, relógio, tradutos, e-card USP, etc;Alimentação: iFood, Rappi, etc","Audio: Spotify, deezer, youtube music, podcast, etc;Vídeo: netflix, YouTube, Viki, MX player, etc;Alimentação: iFood, Rappi, etc",5
78,masculino,25,180,100,0,2,SP capital,"coletivo (ônibus, metro trem)",8,2,1,ouvir música;ler;realizar atividade física,musculação,Attack on Titan,Breaking Bad,"Mensagens: WhatsApp, Messenger, Skype, etc;E-mails;Arrmazenamento: Google Drive, one Drive, etc;Internet banking/finanças:  Paypal, next, way, agibank, nubank, etc;Audio: Spotify, deezer, youtube music, podcast, etc;Vídeo: netflix, YouTube, Viki, MX player, etc;Transporte privado: Uber, 99 taxi, bike itau, etc;Navegador/mapa-GPS: maps, waze, etc;Alimentação: iFood, Rappi, etc","Jogos: pokemonGo, solitaire, cartola, kakuro, soul night, etc",1
79,feminino,29,159,59,4 ou mais,5 ou mais,outro país,"coletivo (ônibus, metro trem)",5,10,3,ouvir música;ler;jogar vídeogames;assistir filmes e/ou seriados,nenhuma,WandaVision,Loki,"Mensagens: WhatsApp, Messenger, Skype, etc;E-mails;Internet banking/finanças:  Paypal, next, way, agibank, nubank, etc;Transporte privado: Uber, 99 taxi, bike itau, etc;Transporte público: Moovit, cadê meu ônibus, etc;Navegador/busca: google, chrome, safari, etc;Educativos: moodle (e-disciplinas), quora, duolingo, etc;Alimentação: iFood, Rappi, etc","Vídeo: netflix, YouTube, Viki, MX player, etc;Jogos: pokemonGo, solitaire, cartola, kakuro, soul night, etc",10
80,masculino,19,180,75,1,4,outro estado,caminhando,7,18,4,ouvir música;ler;assistir filmes e/ou seriados;realizar atividade física,musculação,Breaking Bad,Game of Thrones,"Mensagens: WhatsApp, Messenger, Skype, etc;E-mails;Internet banking/finanças:  Paypal, next, way, agibank, nubank, etc;Transporte privado: Uber, 99 taxi, bike itau, etc;Transporte público: Moovit, cadê meu ônibus, etc;Navegador/busca: google, chrome, safari, etc;Navegador/mapa-GPS: maps, waze, etc;Educativos: moodle (e-disciplinas), quora, duolingo, etc;Utilidades: Agenda, google keep, relógio, tradutos, e-card USP, etc","Rede Social/Compartilhamento de informações: Facebook, Instagram, Twitter, Snapchat, Linkden Reddit, WhatsApp, etc;Arrmazenamento: Google Drive, one Drive, etc;Audio: Spotify, deezer, youtube music, podcast, etc;Vídeo: netflix, YouTube, Viki, MX player, etc;Jogos: pokemonGo, solitaire, cartola, kakuro, soul night, etc;Alimentação: iFood, Rappi, etc",4
81,feminino,19,165,45,1,3,SP capital,carro,-,10,3,ouvir música;ler;jogar vídeogames,nenhuma,Harry Potter,Amor à vida,"Mensagens: WhatsApp, Messenger, Skype, etc;E-mails;Arrmazenamento: Google Drive, one Drive, etc;Internet banking/finanças:  Paypal, next, way, agibank, nubank, etc;Vídeo: netflix, YouTube, Viki, MX player, etc;Transporte privado: Uber, 99 taxi, bike itau, etc;Navegador/busca: google, chrome, safari, etc;Navegador/mapa-GPS: maps, waze, etc;Educativos: moodle (e-disciplinas), quora, duolingo, etc;Utilidades: Agenda, google keep, relógio, tradutos, e-card USP, etc;Alimentação: iFood, Rappi, etc","Rede Social/Compartilhamento de informações: Facebook, Instagram, Twitter, Snapchat, Linkden Reddit, WhatsApp, etc;Audio: Spotify, deezer, youtube music, podcast, etc;Transporte público: Moovit, cadê meu ônibus, etc;Jogos: pokemonGo, solitaire, cartola, kakuro, soul night, etc",1
82,masculino,23,180,70,3,5 ou mais,SP capital,"coletivo (ônibus, metro trem)",7,7,3,ouvir música;tocar instrumento musical;ler;assistir filmes e/ou seriados,nenhuma,The Office,,"Mensagens: WhatsApp, Messenger, Skype, etc;E-mails;Arrmazenamento: Google Drive, one Drive, etc;Internet banking/finanças:  Paypal, next, way, agibank, nubank, etc;Navegador/busca: google, chrome, safari, etc","Rede Social/Compartilhamento de informações: Facebook, Instagram, Twitter, Snapchat, Linkden Reddit, WhatsApp, etc;Audio: Spotify, deezer, youtube music, podcast, etc;Vídeo: netflix, YouTube, Viki, MX player, etc;Transporte privado: Uber, 99 taxi, bike itau, etc;Transporte público: Moovit, cadê meu ônibus, etc;Navegador/mapa-GPS: maps, waze, etc;Jogos: pokemonGo, solitaire, cartola, kakuro, soul night, etc;Educativos: moodle (e-disciplinas), quora, duolingo, etc;Utilidades: Agenda, google keep, relógio, tradutos, e-card USP, etc;Alimentação: iFood, Rappi, etc",7
83,feminino,20,165,58,2,5 ou mais,SP região metropolitana,"coletivo (ônibus, metro trem)",7,25,2,ouvir música;ler;assistir filmes e/ou seriados;realizar atividade física,musculação,Game of Thrones,Revenge,"Mensagens: WhatsApp, Messenger, Skype, etc;E-mails;Arrmazenamento: Google Drive, one Drive, etc;Audio: Spotify, deezer, youtube music, podcast, etc;Navegador/busca: google, chrome, safari, etc;Navegador/mapa-GPS: maps, waze, etc;Educativos: moodle (e-disciplinas), quora, duolingo, etc;Utilidades: Agenda, google keep, relógio, tradutos, e-card USP, etc","Rede Social/Compartilhamento de informações: Facebook, Instagram, Twitter, Snapchat, Linkden Reddit, WhatsApp, etc;Vídeo: netflix, YouTube, Viki, MX player, etc;Transporte privado: Uber, 99 taxi, bike itau, etc;Transporte público: Moovit, cadê meu ônibus, etc;Jogos: pokemonGo, solitaire, cartola, kakuro, soul night, etc;Alimentação: iFood, Rappi, etc",56
84,feminino,24,161,55,1,2,SP capital,"coletivo (ônibus, metro trem)",7,15,3,ouvir música;tocar instrumento musical;ler;jogar vídeogames;assistir filmes e/ou seriados;realizar atividade física,musculação,mr. robot,person of interest,"Mensagens: WhatsApp, Messenger, Skype, etc;E-mails;Arrmazenamento: Google Drive, one Drive, etc;Internet banking/finanças:  Paypal, next, way, agibank, nubank, etc;Audio: Spotify, deezer, youtube music, podcast, etc;Vídeo: netflix, YouTube, Viki, MX player, etc;Transporte privado: Uber, 99 taxi, bike itau, etc;Transporte público: Moovit, cadê meu ônibus, etc;Navegador/busca: google, chrome, safari, etc;Navegador/mapa-GPS: maps, waze, etc;Educativos: moodle (e-disciplinas), quora, duolingo, etc;Utilidades: Agenda, google keep, relógio, tradutos, e-card USP, etc;Alimentação: iFood, Rappi, etc","Rede Social/Compartilhamento de informações: Facebook, Instagram, Twitter, Snapchat, Linkden Reddit, WhatsApp, etc",8
85,masculino,20,183,71,3,5 ou mais,SP capital,"bicicleta, patinete, skate, outros do gênero",8,30,2,realizar atividade física,ciclismo,Archer,Mr. Robot,"Mensagens: WhatsApp, Messenger, Skype, etc;Arrmazenamento: Google Drive, one Drive, etc;Audio: Spotify, deezer, youtube music, podcast, etc;Vídeo: netflix, YouTube, Viki, MX player, etc;Navegador/busca: google, chrome, safari, etc;Navegador/mapa-GPS: maps, waze, etc;Alimentação: iFood, Rappi, etc","E-mails;Internet banking/finanças:  Paypal, next, way, agibank, nubank, etc;Transporte privado: Uber, 99 taxi, bike itau, etc;Transporte público: Moovit, cadê meu ônibus, etc;Utilidades: Agenda, google keep, relógio, tradutos, e-card USP, etc",1
86,feminino,20,165,60,2,2,SP capital,"coletivo (ônibus, metro trem)",8,11,4,ouvir música;ler;assistir filmes e/ou seriados,nenhuma,The Big Bang Theory,Dark,"Mensagens: WhatsApp, Messenger, Skype, etc;E-mails;Arrmazenamento: Google Drive, one Drive, etc;Internet banking/finanças:  Paypal, next, way, agibank, nubank, etc;Audio: Spotify, deezer, youtube music, podcast, etc;Vídeo: netflix, YouTube, Viki, MX player, etc;Transporte privado: Uber, 99 taxi, bike itau, etc;Navegador/busca: google, chrome, safari, etc;Navegador/mapa-GPS: maps, waze, etc;Educativos: moodle (e-disciplinas), quora, duolingo, etc;Utilidades: Agenda, google keep, relógio, tradutos, e-card USP, etc","Rede Social/Compartilhamento de informações: Facebook, Instagram, Twitter, Snapchat, Linkden Reddit, WhatsApp, etc;Transporte público: Moovit, cadê meu ônibus, etc;Alimentação: iFood, Rappi, etc",10
87,feminino,18,167,56,1,1,SP capital,"coletivo (ônibus, metro trem)",6,4,4,ouvir música;tocar instrumento musical;jogar vídeogames;assistir filmes e/ou seriados,nenhuma,Lupin,The Walking Dead,"Mensagens: WhatsApp, Messenger, Skype, etc;Rede Social/Compartilhamento de informações: Facebook, Instagram, Twitter, Snapchat, Linkden Reddit, WhatsApp, etc;E-mails;Internet banking/finanças:  Paypal, next, way, agibank, nubank, etc;Audio: Spotify, deezer, youtube music, podcast, etc;Vídeo: netflix, YouTube, Viki, MX player, etc;Navegador/busca: google, chrome, safari, etc;Navegador/mapa-GPS: maps, waze, etc;Utilidades: Agenda, google keep, relógio, tradutos, e-card USP, etc;Alimentação: iFood, Rappi, etc","Arrmazenamento: Google Drive, one Drive, etc;Transporte privado: Uber, 99 taxi, bike itau, etc;Transporte público: Moovit, cadê meu ônibus, etc;Jogos: pokemonGo, solitaire, cartola, kakuro, soul night, etc",75
88,masculino,20,172,67,1,3,SP capital,"coletivo (ônibus, metro trem)",7,8,2,ouvir música;ler;jogar vídeogames;assistir filmes e/ou seriados;realizar atividade física,caminhada,Attack on Titan,Atypical,"Mensagens: WhatsApp, Messenger, Skype, etc;E-mails;Arrmazenamento: Google Drive, one Drive, etc;Internet banking/finanças:  Paypal, next, way, agibank, nubank, etc;Audio: Spotify, deezer, youtube music, podcast, etc;Transporte privado: Uber, 99 taxi, bike itau, etc;Navegador/busca: google, chrome, safari, etc;Navegador/mapa-GPS: maps, waze, etc","Rede Social/Compartilhamento de informações: Facebook, Instagram, Twitter, Snapchat, Linkden Reddit, WhatsApp, etc;Vídeo: netflix, YouTube, Viki, MX player, etc;Utilidades: Agenda, google keep, relógio, tradutos, e-card USP, etc;Alimentação: iFood, Rappi, etc",18
89,masculino,21,162,50,0,2,SP capital,"coletivo (ônibus, metro trem)",8,4,-,ouvir música;jogar vídeogames;assistir filmes e/ou seriados,nenhuma,Community,Haikyuu,"Mensagens: WhatsApp, Messenger, Skype, etc;E-mails;Internet banking/finanças:  Paypal, next, way, agibank, nubank, etc;Transporte público: Moovit, cadê meu ônibus, etc;Navegador/busca: google, chrome, safari, etc;Navegador/mapa-GPS: maps, waze, etc;Utilidades: Agenda, google keep, relógio, tradutos, e-card USP, etc;Alimentação: iFood, Rappi, etc","Audio: Spotify, deezer, youtube music, podcast, etc;Vídeo: netflix, YouTube, Viki, MX player, etc;Transporte privado: Uber, 99 taxi, bike itau, etc;Jogos: pokemonGo, solitaire, cartola, kakuro, soul night, etc;Educativos: moodle (e-disciplinas), quora, duolingo, etc",35
90,masculino,23,170,64,2,4,SP capital,"coletivo (ônibus, metro trem)",8,8,4,ouvir música;ler;jogar vídeogames;assistir filmes e/ou seriados;realizar atividade física,caminhada;alongamento,Two and a Half Men,Dr. House,"Mensagens: WhatsApp, Messenger, Skype, etc;E-mails;Internet banking/finanças:  Paypal, next, way, agibank, nubank, etc;Navegador/busca: google, chrome, safari, etc;Utilidades: Agenda, google keep, relógio, tradutos, e-card USP, etc","Rede Social/Compartilhamento de informações: Facebook, Instagram, Twitter, Snapchat, Linkden Reddit, WhatsApp, etc;Arrmazenamento: Google Drive, one Drive, etc;Audio: Spotify, deezer, youtube music, podcast, etc;Vídeo: netflix, YouTube, Viki, MX player, etc;Transporte privado: Uber, 99 taxi, bike itau, etc;Transporte público: Moovit, cadê meu ônibus, etc;Navegador/mapa-GPS: maps, waze, etc;Jogos: pokemonGo, solitaire, cartola, kakuro, soul night, etc;Educativos: moodle (e-disciplinas), quora, duolingo, etc;Alimentação: iFood, Rappi, etc",21
91,masculino,25,178,90,0,1,SP capital,carro,8,24,4,ler;jogar vídeogames,nenhuma,House,,"Mensagens: WhatsApp, Messenger, Skype, etc;E-mails;Arrmazenamento: Google Drive, one Drive, etc;Navegador/busca: google, chrome, safari, etc;Navegador/mapa-GPS: maps, waze, etc;Educativos: moodle (e-disciplinas), quora, duolingo, etc;Notion","Rede Social/Compartilhamento de informações: Facebook, Instagram, Twitter, Snapchat, Linkden Reddit, WhatsApp, etc;Jogos: pokemonGo, solitaire, cartola, kakuro, soul night, etc",10
